ID_SINIESTRO;ID_POLIZA;COBERTURA_AFECTADA;PROVISION_INICIAL;GASTO_REAL
SIN0000;POL0579;DAÑOS MATERIALES;55.0;109.63
SIN0001;POL0722;DAÑOS MATERIALES;20.0;6.69
SIN0002;POL0774;DAÑOS MATERIALES;20.0;28.02
SIN0003;POL0860;DAÑOS MATERIALES;22.34;1.79
SIN0004;POL0562;DAÑOS MATERIALES;20.0;32.88
SIN0005;POL0596;DAÑOS MATERIALES;20.0;48.59
SIN0006;POL0931;DAÑOS MATERIALES;32.0;15.73
SIN0007;POL0286;DAÑOS MATERIALES;42.92;166.36
SIN0008;POL0934;DAÑOS MATERIALES;20.0;36.88
SIN0009;POL0840;DAÑOS MATERIALES;11.65;22.44
SIN0010;POL0517;DAÑOS MATERIALES;32.0;9.77
SIN0011;POL0649;ROBO DE ACC.HTA 10%;22.66;19.68
SIN0012;POL0648;DAÑOS MATERIALES;32.0;35.39
SIN0013;POL0544;DAÑOS MATERIALES;46.14;340.95
SIN0014;POL0515;R CIVIL EMERGENTE;55.0;108.22
SIN0015;POL0886;ACTOS MALICIOSOS;55.0;10.35
SIN0016;POL0714;ROBO DE ACC.HTA 10%;470.0;0.38
SIN0017;POL0227;R CIVIL EMERGENTE;20.0;13.79
SIN0018;POL0157;DAÑOS MATERIALES;20.0;28.92
SIN0019;POL0278;DAÑOS MATERIALES;20.0;27.59
SIN0020;POL0727;DAÑOS MATERIALES;32.0;49.69
SIN0021;POL0414;RESPONSAB. CIVIL;32.0;2.0
SIN0022;POL0878;DAÑOS MATERIALES;55.0;45.0
SIN0023;POL0283;DAÑOS MATERIALES;32.0;21.52
SIN0024;POL0672;RESPONSAB. CIVIL;20.0;1.35
SIN0024;POL0672;DAÑOS MATERIALES;20.0;13.1
SIN0025;POL0745;DAÑOS MATERIALES;32.0;10.64
SIN0026;POL0695;DAÑOS MATERIALES;32.0;22.3
SIN0027;POL0171;DAÑOS MATERIALES;22.0;55.39
SIN0028;POL0533;DAÑOS MATERIALES;32.0;58.8
SIN0029;POL0038;DAÑOS MATERIALES;20.0;11.9
SIN0030;POL0199;DAÑOS MATERIALES;32.0;13.7
SIN0031;POL0206;DAÑOS MATERIALES;28.38;57.98
SIN0032;POL0303;R CIVIL EMERGENTE;32.0;1.05
SIN0033;POL0203;DAÑOS MATERIALES;32.0;29.33
SIN0034;POL0082;DAÑOS MATERIALES;14.0;9.59
SIN0035;POL0908;DAÑOS MATERIALES ANS;18.72;42.38
SIN0036;POL0814;DAÑOS MATERIALES;11.9;10.0
SIN0037;POL0123;RESPONSAB. CIVIL;32.0;0.37
SIN0037;POL0123;DAÑOS MATERIALES;32.0;9.96
SIN0038;POL0684;RESPONSAB. CIVIL;55.0;0.0
SIN0039;POL0701;ROBO, HURTO USO NO A;470.0;270.28
SIN0040;POL0174;DAÑOS MATERIALES;55.0;234.67
SIN0041;POL0397;DAÑOS MATERIALES;11.65;9.93
SIN0042;POL0686;DAÑOS MATERIALES;55.0;384.66
SIN0043;POL0514;ROBO DE ACC.HTA 10%;32.0;34.44
SIN0044;POL0466;DAÑOS MATERIALES;20.0;17.19
SIN0045;POL0030;DAÑOS MATERIALES;15.0;15.52
SIN0046;POL0458;DAÑOS MATERIALES;32.0;29.78
SIN0047;POL0139;DAÑOS MATERIALES;470.0;59.47
SIN0048;POL0531;ACTOS MALICIOSOS;32.0;30.2
SIN0049;POL0843;DAÑOS MATERIALES;20.0;42.19
SIN0050;POL0369;RESPONSAB. CIVIL;20.0;8.23
SIN0051;POL0831;DAÑOS MATERIALES;55.0;222.03
SIN0052;POL0693;DAÑOS MATERIALES;20.0;5.8
SIN0053;POL0512;R CIVIL EMERGENTE;22.34;12.16
SIN0054;POL0637;DAÑOS MATERIALES;32.0;16.32
SIN0055;POL0327;DAÑOS MATERIALES;11.9;8.16
SIN0056;POL0694;DAÑOS MATERIALES;20.0;23.22
SIN0057;POL0913;DAÑOS MATERIALES;55.0;13.34
SIN0058;POL0943;DAÑOS MATERIALES;14.81;25.53
SIN0059;POL0725;DAÑOS MATERIALES;18.27;316.13
SIN0060;POL0470;R CIVIL EMERGENTE;22.0;0.31
SIN0061;POL0390;DAÑOS MATERIALES;32.0;102.87
SIN0062;POL0505;DAÑOS MATERIALES;55.0;45.61
SIN0063;POL0317;DAÑOS MATERIALES;32.0;51.25
SIN0064;POL0951;DAÑOS MATERIALES;5.68;9.7
SIN0065;POL0966;R CIVIL EMERGENTE;55.0;79.62
SIN0066;POL0058;DAÑOS MATERIALES;44.48;56.57
SIN0067;POL0802;RESPONSAB. CIVIL;22.34;1.06
SIN0068;POL0879;DAÑOS MATERIALES;55.0;11.54
SIN0069;POL0885;DAÑOS MATERIALES;55.0;20.21
SIN0070;POL0499;DAÑOS MATERIALES;0.04;59.36
SIN0071;POL0168;DAÑOS MATERIALES;18.05;1.84
SIN0072;POL0164;DAÑOS MATERIALES;27.13;39.12
SIN0073;POL0011;DAÑOS MATERIALES;32.0;13.53
SIN0074;POL0295;DAÑOS MATERIALES;12.2;17.45
SIN0075;POL0842;DAÑOS MATERIALES ANS;20.0;92.27
SIN0076;POL0805;RESPONSAB. CIVIL;22.34;15.15
SIN0077;POL0919;DAÑOS MATERIALES;14.81;20.29
SIN0078;POL0269;DAÑOS MATERIALES;32.0;0.0
SIN0079;POL0004;DAÑOS MATERIALES;32.0;19.0
SIN0080;POL0927;DAÑOS MATERIALES;20.0;60.68
SIN0081;POL0269;R CIVIL EMERGENTE;20.0;0.0
SIN0081;POL0269;DAÑOS MATERIALES;20.0;0.0
SIN0082;POL0269;R CIVIL EMERGENTE;20.0;0.0
SIN0082;POL0269;DAÑOS MATERIALES;20.0;0.0
SIN0083;POL0269;R CIVIL EMERGENTE;20.0;0.0
SIN0083;POL0269;DAÑOS MATERIALES;20.0;0.0
SIN0084;POL0614;DAÑOS MATERIALES;20.0;25.41
SIN0085;POL0753;DAÑOS MATERIALES;36.69;32.69
SIN0086;POL0666;DAÑOS MATERIALES;32.0;196.76
SIN0087;POL0020;DAÑOS MATERIALES;25.0;8.04
SIN0088;POL0838;DAÑOS MATERIALES;55.0;29.33
SIN0089;POL0041;DAÑOS MATERIALES;55.0;32.92
SIN0090;POL0570;DAÑOS MATERIALES;55.0;608.2
SIN0091;POL0570;RESPONSAB. CIVIL;470.0;0.98
SIN0091;POL0570;DAÑOS MATERIALES;470.0;0.61
SIN0092;POL0176;DAÑOS MATERIALES;32.0;100.27
SIN0093;POL0682;DAÑOS MATERIALES;20.0;0.23
SIN0094;POL0559;DAÑOS MATERIALES;470.0;75.04
SIN0095;POL0318;DAÑOS MATERIALES;32.0;69.07
SIN0096;POL0235;DAÑOS MATERIALES;55.0;8.35
SIN0097;POL0036;DAÑOS MATERIALES;20.0;16.59
SIN0098;POL0044;DAÑOS MATERIALES;19.37;118.27
SIN0099;POL0709;DAÑOS MATERIALES;20.0;15.44
SIN0100;POL0149;DAÑOS MATERIALES;20.0;15.18
SIN0101;POL0340;DAÑOS MATERIALES;20.0;10.56
SIN0102;POL0204;DAÑOS MATERIALES;20.0;50.12
SIN0103;POL0799;DAÑOS MATERIALES;32.0;5.92
SIN0104;POL0250;DAÑOS MATERIALES;20.0;0.3
SIN0105;POL0208;RESPONSAB. CIVIL;49.5;0.84
SIN0106;POL0223;DAÑOS MATERIALES;32.0;46.47
SIN0107;POL0284;DAÑOS MATERIALES;17.08;19.9
SIN0108;POL0297;DAÑOS MATERIALES;20.0;24.16
SIN0109;POL0341;DAÑOS MATERIALES;55.0;13.45
SIN0110;POL0729;DAÑOS MATERIALES;30.0;29.16
SIN0111;POL0600;DAÑOS MATERIALES;20.0;18.55
SIN0112;POL0548;DAÑOS MATERIALES;40.0;4.78
SIN0113;POL0554;DAÑOS MATERIALES;20.0;9.93
SIN0114;POL0220;DAÑOS MATERIALES;41.7;11.95
SIN0115;POL0460;DAÑOS MATERIALES;32.0;15.16
SIN0116;POL0170;DAÑOS MATERIALES;32.0;50.69
SIN0117;POL0285;DAÑOS MATERIALES;32.0;27.26
SIN0118;POL0221;ROBO.HURTO, USO NO A;470.0;0.93
SIN0119;POL0013;DAÑOS MATERIALES;55.0;167.77
SIN0120;POL0148;RESPONSAB. CIVIL;20.0;1.22
SIN0120;POL0148;DAÑOS MATERIALES;20.0;191.42
SIN0121;POL0617;DAÑOS MATERIALES;14.81;29.59
SIN0122;POL0055;DAÑOS MATERIALES;14.81;10.37
SIN0123;POL0800;DAÑOS MATERIALES;20.0;19.27
SIN0124;POL0490;DAÑOS MATERIALES;22.34;6.32
SIN0125;POL0277;R CIVIL EMERGENTE;470.0;0.0
SIN0126;POL0555;DAÑOS MATERIALES;20.0;22.67
SIN0127;POL0786;DAÑOS MATERIALES;14.81;10.72
SIN0128;POL0832;DAÑOS MATERIALES;14.81;13.49
SIN0129;POL0099;DAÑOS MATERIALES;14.81;21.12
SIN0130;POL0350;DAÑOS MATERIALES;18.27;48.02
SIN0131;POL0683;DAÑOS MATERIALES;30.0;97.7
SIN0132;POL0062;DAÑOS MATERIALES;14.81;24.86
SIN0133;POL0294;DAÑOS MATERIALES;20.0;0.15
SIN0134;POL0344;RESPONSAB. CIVIL;20.0;14.17
SIN0134;POL0344;DAÑOS MATERIALES;20.0;4.69
SIN0135;POL0251;DAÑOS MATERIALES;14.81;10.4
SIN0136;POL0239;DAÑOS MATERIALES;21.35;5.97
SIN0137;POL0850;DAÑOS MATERIALES;23.01;64.7
SIN0138;POL0944;DAÑOS MATERIALES;32.0;64.23
SIN0139;POL0313;RESPONSAB. CIVIL;20.0;0.37
SIN0140;POL0767;DAÑOS MATERIALES;32.0;49.97
SIN0141;POL0446;DAÑOS MATERIALES;11.9;17.2
SIN0142;POL0401;DAÑOS MATERIALES;26.21;45.43
SIN0143;POL0654;DAÑOS MATERIALES;14.81;10.42
SIN0144;POL0737;DAÑOS MATERIALES;20.0;9.27
SIN0145;POL0716;DAÑOS MATERIALES;32.0;2.37
SIN0146;POL0547;DAÑOS MATERIALES;20.0;9.84
SIN0147;POL0404;DAÑOS MATERIALES;14.81;9.27
SIN0148;POL0214;DAÑOS MATERIALES;32.0;23.51
SIN0149;POL0547;DAÑOS MATERIALES;14.81;9.8
SIN0150;POL0906;DAÑOS MATERIALES;20.0;0.7
SIN0151;POL0192;DAÑOS MATERIALES;55.0;78.54
SIN0152;POL0981;DAÑOS MATERIALES;32.0;14.89
SIN0153;POL0975;DAÑOS MATERIALES;14.81;10.47
SIN0154;POL0547;DAÑOS MATERIALES;20.0;7.28
SIN0155;POL0545;DAÑOS MATERIALES;20.0;11.79
SIN0156;POL0015;DAÑOS MATERIALES;20.0;10.2
SIN0157;POL0560;DAÑOS MATERIALES;14.81;18.37
SIN0158;POL0785;DAÑOS MATERIALES;32.0;64.42
SIN0159;POL0455;DAÑOS MATERIALES;20.0;9.68
SIN0160;POL0424;R CIVIL EMERGENTE;20.0;0.37
SIN0161;POL0468;DAÑOS MATERIALES;22.34;7.43
SIN0162;POL0043;RESPONSAB. CIVIL;32.0;43.11
SIN0162;POL0043;DAÑOS MATERIALES;32.0;57.75
SIN0163;POL0222;DAÑOS MATERIALES ANS;35.0;926.51
SIN0164;POL0759;DAÑOS MATERIALES;20.0;13.25
SIN0165;POL0014;DAÑOS MATERIALES;11.66;22.54
SIN0166;POL0433;DAÑOS MATERIALES;18.27;9.43
SIN0167;POL0260;DAÑOS MATERIALES;32.0;13.67
SIN0168;POL0415;DAÑOS MATERIALES;11.66;19.82
SIN0169;POL0527;DAÑOS MATERIALES;20.0;19.64
SIN0170;POL0270;DAÑOS MATERIALES ANS;20.0;26.03
SIN0171;POL0861;DAÑOS MATERIALES;32.0;29.0
SIN0172;POL0918;DAÑOS MATERIALES;20.0;52.0
SIN0173;POL0273;DAÑOS MATERIALES;32.0;15.43
SIN0174;POL0125;DAÑOS MATERIALES;20.0;50.05
SIN0175;POL0409;DAÑOS MATERIALES;22.0;9.67
SIN0176;POL0129;DAÑOS MATERIALES;32.0;0.69
SIN0177;POL0935;DAÑOS MATERIALES;25.0;3.29
SIN0178;POL0067;DAÑOS MATERIALES;20.0;27.38
SIN0179;POL0056;DAÑOS MATERIALES;14.81;0.75
SIN0180;POL0552;DAÑOS MATERIALES;32.0;8.12
SIN0181;POL0008;DAÑOS MATERIALES;20.0;56.38
SIN0182;POL0054;DAÑOS MATERIALES;14.81;0.0
SIN0183;POL0578;R CIVIL EMERGENTE;20.0;32.12
SIN0184;POL0710;DAÑOS MATERIALES;32.0;18.73
SIN0185;POL0707;DAÑOS MATERIALES;25.0;24.96
SIN0186;POL0437;ROBO DE ACC.HTA 10%;470.0;9.7
SIN0187;POL0410;DAÑOS MATERIALES;32.0;18.1
SIN0188;POL0524;DAÑOS MATERIALES;20.0;23.44
SIN0189;POL0205;DAÑOS MATERIALES;20.0;13.68
SIN0190;POL0289;DAÑOS MATERIALES;20.0;16.91
SIN0191;POL0772;DAÑOS MATERIALES;55.0;53.83
SIN0192;POL0351;DAÑOS MATERIALES;32.0;13.78
SIN0193;POL0920;ACTOS MALICIOSOS;55.0;18.59
SIN0194;POL0179;DAÑOS MATERIALES;20.0;36.4
SIN0195;POL0987;R CIVIL EMERGENTE;25.0;0.7
SIN0196;POL0915;DAÑOS MATERIALES;30.0;1.44
SIN0197;POL0049;DAÑOS MATERIALES;20.0;9.4
SIN0198;POL0116;DAÑOS MATERIALES;14.81;59.22
SIN0199;POL0098;DAÑOS MATERIALES;32.0;51.59
SIN0200;POL0543;R CIVIL EMERGENTE;55.0;0.37
SIN0201;POL0638;DAÑOS MATERIALES;20.0;4.86
SIN0202;POL0954;RESPONSAB. CIVIL;32.0;57.3
SIN0203;POL0496;DAÑOS MATERIALES;14.81;10.48
SIN0204;POL0142;RESPONSAB. CIVIL;20.0;0.52
SIN0204;POL0142;DAÑOS MATERIALES;20.0;27.32
SIN0205;POL0754;DAÑOS MATERIALES;14.81;10.47
SIN0206;POL0389;DAÑOS MATERIALES;20.0;30.16
SIN0207;POL0101;RESPONSAB. CIVIL;32.0;24.84
SIN0208;POL0556;DAÑOS MATERIALES;20.0;11.69
SIN0209;POL0928;DAÑOS MATERIALES;32.0;60.25
SIN0210;POL0388;DAÑOS MATERIALES;25.0;7.96
SIN0211;POL0072;RESPONSAB. CIVIL;10.0;0.52
SIN0212;POL0160;DAÑOS MATERIALES;18.15;5.1
SIN0213;POL0073;R CIVIL EMERGENTE;20.0;0.67
SIN0214;POL0892;DAÑOS MATERIALES;14.81;9.41
SIN0215;POL0150;RESPONSAB. CIVIL;20.0;9.66
SIN0216;POL0909;DAÑOS MATERIALES;11.66;9.11
SIN0217;POL0869;DAÑOS MATERIALES;32.0;4.98
SIN0218;POL0083;DAÑOS MATERIALES ANS;27.8;70.2
SIN0219;POL0715;DAÑOS MATERIALES;22.34;0.38
SIN0220;POL0661;DAÑOS MATERIALES;30.02;2.82
SIN0221;POL0992;DAÑOS MATERIALES;20.0;17.82
SIN0222;POL0088;DAÑOS MATERIALES;32.0;21.7
SIN0223;POL0698;RESPONSAB. CIVIL;20.0;1.61
SIN0224;POL0264;DAÑOS MATERIALES ANS;20.0;46.91
SIN0225;POL0337;RESPONSAB. CIVIL;55.0;0.85
SIN0225;POL0337;DAÑOS MATERIALES;55.0;219.83
SIN0226;POL0787;RESPONSAB. CIVIL;32.0;1.06
SIN0226;POL0787;DAÑOS MATERIALES;32.0;21.9
SIN0227;POL0319;DAÑOS MATERIALES;14.81;4.48
SIN0228;POL0728;RESPONSAB. CIVIL;32.0;0.74
SIN0228;POL0728;DAÑOS MATERIALES;32.0;153.12
SIN0229;POL0979;DAÑOS MATERIALES;20.0;16.48
SIN0230;POL0224;RESPONSAB. CIVIL;32.0;6.01
SIN0231;POL0917;DAÑOS MATERIALES;55.0;23.1
SIN0232;POL0373;DAÑOS MATERIALES;20.0;6.31
SIN0233;POL0741;DAÑOS MATERIALES;20.0;48.39
SIN0234;POL0305;DAÑOS MATERIALES;32.0;41.71
SIN0235;POL0789;DAÑOS MATERIALES;20.0;5.06
SIN0236;POL0647;DAÑOS MATERIALES;32.0;58.54
SIN0237;POL0589;RESPONSAB. CIVIL;55.0;1.43
SIN0238;POL0126;DAÑOS MATERIALES;20.0;28.4
SIN0239;POL0263;ROBO DE ACC.HTA 10%;470.0;26.65
SIN0240;POL0253;DAÑOS MATERIALES;32.0;0.63
SIN0241;POL0353;DAÑOS MATERIALES;20.0;0.47
SIN0242;POL0152;DAÑOS MATERIALES;32.0;81.0
SIN0243;POL0968;RESPONSAB. CIVIL;22.34;44.85
SIN0244;POL0642;R CIVIL EMERGENTE;20.0;27.12
SIN0245;POL0233;DAÑOS MATERIALES;30.0;0.84
SIN0246;POL0720;DAÑOS MATERIALES;14.0;7.8
SIN0247;POL0421;DAÑOS MATERIALES;32.0;11.44
SIN0248;POL0074;DAÑOS MATERIALES;20.0;33.29
SIN0249;POL0871;DAÑOS MATERIALES;55.0;7.14
SIN0250;POL0212;DAÑOS MATERIALES;32.0;76.57
SIN0251;POL0804;DAÑOS MATERIALES;55.0;18.64
SIN0252;POL0368;DAÑOS MATERIALES;32.0;1.47
SIN0253;POL0546;DAÑOS MATERIALES;13.98;18.12
SIN0254;POL0778;DAÑOS MATERIALES;20.0;22.1
SIN0255;POL0094;DAÑOS MATERIALES;20.0;4.34
SIN0256;POL0678;DAÑOS MATERIALES;20.0;9.08
SIN0257;POL0068;DAÑOS MATERIALES;32.0;86.03
SIN0258;POL0803;DAÑOS MATERIALES;32.0;11.35
SIN0259;POL0960;DAÑOS MATERIALES;32.0;32.86
SIN0260;POL0347;DAÑOS MATERIALES;5.68;13.48
SIN0261;POL0365;RESPONSAB. CIVIL;22.34;1.36
SIN0261;POL0365;DAÑOS MATERIALES;10.15;14.88
SIN0262;POL0200;DAÑOS MATERIALES;32.0;8.73
SIN0263;POL0405;DAÑOS MATERIALES;14.81;12.81
SIN0264;POL0961;DAÑOS MATERIALES;32.0;0.45
SIN0265;POL0643;R CIVIL EMERGENTE;55.0;42.76
SIN0265;POL0643;DAÑOS MATERIALES;55.0;9.83
SIN0266;POL0959;DAÑOS MATERIALES;32.0;6.37
SIN0267;POL0794;RESPONSAB. CIVIL;55.0;5.27
SIN0268;POL0453;DAÑOS MATERIALES;14.81;10.39
SIN0269;POL0522;RESPONSAB. CIVIL;20.0;0.37
SIN0270;POL0108;RESPONSAB. CIVIL;20.0;13.91
SIN0270;POL0108;DAÑOS MATERIALES;20.0;48.47
SIN0271;POL0726;DAÑOS MATERIALES;55.0;35.49
SIN0272;POL0565;DAÑOS MATERIALES;20.0;29.64
SIN0273;POL0249;DAÑOS MATERIALES;10.0;0.0
SIN0274;POL0272;DAÑOS MATERIALES;32.0;20.91
SIN0275;POL0189;DAÑOS MATERIALES;20.0;12.96
SIN0276;POL0668;DAÑOS MATERIALES;32.0;30.69
SIN0277;POL0486;RESPONSAB. CIVIL;55.0;0.85
SIN0278;POL0438;DAÑOS MATERIALES;32.0;170.83
SIN0279;POL0039;DAÑOS MATERIALES;20.0;9.84
SIN0280;POL0215;DAÑOS MATERIALES;32.0;43.68
SIN0281;POL0506;DAÑOS MATERIALES;14.0;8.88
SIN0282;POL0385;DAÑOS MATERIALES;32.0;0.44
SIN0283;POL0215;DAÑOS MATERIALES;32.0;20.12
SIN0284;POL0197;DAÑOS MATERIALES;32.0;58.52
SIN0285;POL0867;DAÑOS MATERIALES;22.66;18.41
SIN0286;POL0606;R CIVIL EMERGENTE;35.0;19.1
SIN0287;POL0513;DAÑOS MATERIALES;55.0;271.97
SIN0288;POL0144;DAÑOS MATERIALES;32.0;40.06
SIN0289;POL0656;DAÑOS MATERIALES;32.0;42.88
SIN0290;POL0279;DAÑOS MATERIALES;20.0;22.94
SIN0291;POL0834;DAÑOS MATERIALES;20.0;23.06
SIN0292;POL0325;DAÑOS MATERIALES;32.0;15.2
SIN0293;POL0644;RESPONSAB. CIVIL;20.0;0.37
SIN0294;POL0402;DAÑOS MATERIALES;14.81;23.44
SIN0295;POL0751;DAÑOS MATERIALES;20.0;16.34
SIN0296;POL0159;DAÑOS MATERIALES;32.0;11.32
SIN0297;POL0751;DAÑOS MATERIALES;20.0;5.21
SIN0298;POL0758;DAÑOS MATERIALES;55.0;46.68
SIN0299;POL0873;DAÑOS MATERIALES;53.82;57.4
SIN0300;POL0681;DAÑOS MATERIALES;32.0;4.69
SIN0301;POL0060;DAÑOS MATERIALES;11.9;1.16
SIN0302;POL0881;D TERCEROS POR LA CA;20.0;18.32
SIN0303;POL0016;R CIVIL EMERGENTE;32.0;1.36
SIN0303;POL0016;DAÑOS MATERIALES;32.0;18.45
SIN0304;POL0076;DAÑOS MATERIALES;32.0;11.01
SIN0305;POL0807;DAÑOS MATERIALES;32.0;19.69
SIN0306;POL0428;DAÑOS MATERIALES;11.9;13.71
SIN0307;POL0360;RESPONSAB. CIVIL;55.0;21.79
SIN0307;POL0360;DAÑOS MATERIALES;55.0;85.67
SIN0308;POL0680;DAÑOS MATERIALES;15.95;30.27
SIN0309;POL0525;DAÑOS MATERIALES;17.3;8.35
SIN0310;POL0662;DAÑOS MATERIALES;20.0;70.92
SIN0311;POL0323;RESPONSAB. CIVIL;32.0;8.84
SIN0311;POL0323;DAÑOS MATERIALES;18.27;32.33
SIN0312;POL0236;RESPONSAB. CIVIL;32.0;0.26
SIN0312;POL0236;DAÑOS MATERIALES;32.0;59.23
SIN0313;POL0228;DAÑOS MATERIALES;20.0;37.12
SIN0314;POL0236;RESPONSAB. CIVIL;32.0;0.23
SIN0314;POL0236;DAÑOS MATERIALES;32.0;0.23
SIN0315;POL0238;DAÑOS MATERIALES;32.0;33.64
SIN0316;POL0077;DAÑOS MATERIALES;20.0;10.77
SIN0317;POL0573;DAÑOS MATERIALES;14.21;5.99
SIN0318;POL0675;DAÑOS MATERIALES;20.0;0.45
SIN0319;POL0040;DAÑOS MATERIALES;5.82;7.45
SIN0320;POL0078;RESPONSAB. CIVIL;32.0;29.88
SIN0321;POL0306;RESPONSAB. CIVIL;20.0;1.43
SIN0322;POL0018;RESPONSAB. CIVIL;55.0;2.63
SIN0322;POL0018;DAÑOS MATERIALES;34.36;44.13
SIN0323;POL0193;DAÑOS MATERIALES;32.0;12.39
SIN0324;POL0695;DAÑOS MATERIALES;32.0;0.45
SIN0325;POL0889;DAÑOS MATERIALES;4.93;13.48
SIN0326;POL0687;DAÑOS MATERIALES;30.0;134.19
SIN0327;POL0848;RESPONSAB. CIVIL;20.0;0.87
SIN0328;POL0441;DAÑOS MATERIALES;20.0;52.88
SIN0329;POL0006;DAÑOS MATERIALES;27.13;52.43
SIN0330;POL0063;DAÑOS MATERIALES;14.81;37.93
SIN0331;POL0874;DAÑOS MATERIALES;55.0;32.36
SIN0332;POL0980;DAÑOS MATERIALES;8.15;25.12
SIN0333;POL0641;DAÑOS MATERIALES;32.0;31.73
SIN0334;POL0932;DAÑOS MATERIALES;14.81;22.74
SIN0335;POL0730;DAÑOS MATERIALES;30.24;17.26
SIN0336;POL0287;DAÑOS MATERIALES;14.81;16.28
SIN0337;POL0498;RESPONSAB. CIVIL;32.0;43.54
SIN0337;POL0498;DAÑOS MATERIALES;32.0;49.81
SIN0338;POL0050;DAÑOS MATERIALES;32.0;3.45
SIN0339;POL0346;DAÑOS MATERIALES;14.81;20.08
SIN0340;POL0372;DAÑOS MATERIALES;32.0;13.09
SIN0341;POL0093;DAÑOS MATERIALES;32.0;11.07
SIN0342;POL0035;DAÑOS MATERIALES;20.0;80.08
SIN0343;POL0670;DAÑOS MATERIALES;20.0;10.33
SIN0344;POL0213;DAÑOS MATERIALES;14.81;10.57
SIN0345;POL0378;DAÑOS MATERIALES;32.0;12.13
SIN0346;POL0180;DAÑOS MATERIALES;8.15;10.45
SIN0347;POL0048;DAÑOS MATERIALES;20.0;27.5
SIN0348;POL0213;DAÑOS MATERIALES;20.0;3.06
SIN0349;POL0663;DAÑOS MATERIALES;32.0;126.4
SIN0350;POL0447;DAÑOS MATERIALES;14.81;23.21
SIN0351;POL0679;DAÑOS MATERIALES ANS;12.2;32.49
SIN0352;POL0357;DAÑOS MATERIALES;14.81;22.75
SIN0353;POL0903;DAÑOS MATERIALES;55.0;17.1
SIN0354;POL0143;DAÑOS MATERIALES;14.0;10.48
SIN0355;POL0103;DAÑOS MATERIALES;32.0;19.32
SIN0356;POL0357;DAÑOS MATERIALES;32.0;7.61
SIN0357;POL0608;DAÑOS MATERIALES;30.0;52.74
SIN0357;POL0288;DAÑOS MATERIALES;30.0;0.84
SIN0358;POL0771;DAÑOS MATERIALES;20.0;14.2
SIN0359;POL0947;DAÑOS MATERIALES;15.0;0.99
SIN0360;POL0732;DAÑOS MATERIALES;20.0;8.2
SIN0361;POL0924;DAÑOS MATERIALES;5.68;13.37
SIN0362;POL0355;DAÑOS MATERIALES;22.34;0.0
SIN0363;POL0271;DAÑOS MATERIALES;14.81;15.29
SIN0364;POL0615;DAÑOS MATERIALES;32.0;13.0
SIN0365;POL0440;DAÑOS MATERIALES;12.9;9.12
SIN0366;POL0429;DAÑOS MATERIALES;20.0;7.76
SIN0367;POL0240;DAÑOS MATERIALES;20.0;4.63
SIN0368;POL0721;DAÑOS MATERIALES;32.0;27.33
SIN0369;POL0503;DAÑOS MATERIALES;20.0;12.17
SIN0370;POL0839;DAÑOS MATERIALES;27.13;26.96
SIN0371;POL0494;DAÑOS MATERIALES;20.0;38.38
SIN0372;POL0851;DAÑOS MATERIALES;32.0;25.03
SIN0373;POL0298;DAÑOS MATERIALES;20.0;1.77
SIN0374;POL0933;DAÑOS MATERIALES;14.81;33.9
SIN0375;POL0665;DAÑOS MATERIALES;20.0;9.19
SIN0376;POL0494;DAÑOS MATERIALES;55.0;23.52
SIN0377;POL0487;DAÑOS MATERIALES;24.49;55.55
SIN0378;POL0106;DAÑOS MATERIALES;22.66;21.21
SIN0379;POL0276;RC EMERG-MORAL-LCESA;20.0;14.26
SIN0380;POL0898;RESPONSAB. CIVIL;20.0;0.0
SIN0381;POL0107;DAÑOS MATERIALES;20.0;23.2
SIN0382;POL0296;DAÑOS MATERIALES;31.91;32.33
SIN0383;POL0742;DAÑOS MATERIALES;20.0;23.73
SIN0384;POL0752;DAÑOS MATERIALES;20.0;73.41
SIN0385;POL0332;DAÑOS MATERIALES;22.0;13.56
SIN0386;POL0416;DAÑOS MATERIALES;14.81;7.98
SIN0387;POL0026;DAÑOS MATERIALES;20.0;35.46
SIN0388;POL0518;DAÑOS MATERIALES ANS;14.81;34.47
SIN0389;POL0724;DAÑOS MATERIALES;22.34;13.51
SIN0390;POL0348;RESPONSAB. CIVIL;25.0;48.49
SIN0391;POL0374;DAÑOS MATERIALES;20.0;60.7
SIN0392;POL0120;DAÑOS MATERIALES;32.0;9.63
SIN0393;POL0605;R CIVIL EMERGENTE;55.0;14.15
SIN0393;POL0605;DAÑOS MATERIALES;27.13;176.83
SIN0394;POL0376;DAÑOS MATERIALES;14.81;1.6
SIN0395;POL0182;DAÑOS MATERIALES;20.0;7.63
SIN0396;POL0632;DAÑOS MATERIALES;32.0;22.12
SIN0397;POL0986;DAÑOS MATERIALES;8.15;21.91
SIN0398;POL0064;RESPONSAB. CIVIL;32.0;18.61
SIN0398;POL0064;DAÑOS MATERIALES;32.0;29.03
SIN0399;POL0291;RESPONSAB. CIVIL;20.0;17.72
SIN0400;POL0457;DAÑOS MATERIALES;20.0;25.73
SIN0401;POL0483;DAÑOS MATERIALES;20.0;21.63
SIN0402;POL0366;R CIVIL EMERGENTE;22.34;15.68
SIN0403;POL0320;RESPONSAB. CIVIL;55.0;0.0
SIN0404;POL0194;RESPONSAB. CIVIL;20.0;0.98
SIN0405;POL0259;DAÑOS MATERIALES;20.0;15.16
SIN0406;POL0406;DAÑOS MATERIALES;32.0;10.96
SIN0407;POL0887;DAÑOS MATERIALES;55.0;98.79
SIN0408;POL0053;DAÑOS MATERIALES;14.81;14.36
SIN0409;POL0783;DAÑOS MATERIALES;20.0;0.7
SIN0410;POL0712;ROBO DE ACC.HTA 10%;11.66;0.72
SIN0411;POL0509;DAÑOS MATERIALES;55.0;24.73
SIN0412;POL0247;DAÑOS MATERIALES;18.27;44.28
SIN0413;POL0010;DAÑOS MATERIALES;20.0;24.86
SIN0414;POL0472;DAÑOS MATERIALES;32.0;93.0
SIN0415;POL0052;DAÑOS MATERIALES;22.0;3.8
SIN0416;POL0130;DAÑOS MATERIALES;20.0;5.16
SIN0417;POL0248;DAÑOS MATERIALES;20.0;8.75
SIN0418;POL0907;DAÑOS MATERIALES;36.33;27.52
SIN0419;POL0316;DAÑOS MATERIALES;22.66;8.82
SIN0420;POL0627;DAÑOS MATERIALES;22.0;15.04
SIN0421;POL0868;DAÑOS MATERIALES;20.0;82.18
SIN0422;POL0922;DAÑOS MATERIALES;22.34;0.71
SIN0423;POL0127;DAÑOS MATERIALES;32.0;68.69
SIN0424;POL0501;DAÑOS MATERIALES;21.94;11.62
SIN0425;POL0607;RESPONSAB. CIVIL;32.0;0.54
SIN0426;POL0982;DAÑOS MATERIALES;32.0;27.76
SIN0427;POL0268;DAÑOS MATERIALES;22.34;8.89
SIN0428;POL0862;RESPONSAB. CIVIL;32.0;39.45
SIN0429;POL0895;DAÑOS MATERIALES;14.81;13.75
SIN0430;POL0173;DAÑOS MATERIALES;32.0;17.17
SIN0431;POL0051;DAÑOS MATERIALES;14.81;13.46
SIN0432;POL0667;DAÑOS MATERIALES;55.0;63.21
SIN0433;POL0835;DAÑOS MATERIALES;18.27;31.88
SIN0434;POL0872;R CIVIL EMERGENTE;55.0;0.37
SIN0435;POL0322;RESPONSAB. CIVIL;20.0;8.35
SIN0436;POL0403;DAÑOS MATERIALES;32.0;0.55
SIN0437;POL0384;DAÑOS MATERIALES;32.0;80.8
SIN0438;POL0177;RESPONSAB. CIVIL;55.0;0.38
SIN0438;POL0177;DAÑOS MATERIALES;33.95;41.1
SIN0439;POL0384;DAÑOS MATERIALES;32.0;229.55
SIN0440;POL0081;R CIVIL EMERGENTE;32.0;2.17
SIN0441;POL0384;DAÑOS MATERIALES;20.0;20.16
SIN0442;POL0065;DAÑOS MATERIALES;20.0;2.05
SIN0443;POL0381;DAÑOS MATERIALES;20.0;35.32
SIN0444;POL0532;DAÑOS MATERIALES;14.81;8.86
SIN0445;POL0477;DAÑOS MATERIALES;32.0;57.35
SIN0446;POL0492;R CIVIL EMERGENTE;14.64;0.6
SIN0447;POL0844;DAÑOS MATERIALES;20.0;21.93
SIN0448;POL0459;DAÑOS MATERIALES;20.0;14.58
SIN0449;POL0791;R CIVIL EMERGENTE;32.0;1.39
SIN0450;POL0580;DAÑOS MATERIALES;20.0;15.38
SIN0451;POL0473;DAÑOS MATERIALES;14.54;16.15
SIN0452;POL0526;DAÑOS MATERIALES;20.0;10.28
SIN0453;POL0884;DAÑOS MATERIALES;32.0;79.92
SIN0454;POL0731;DAÑOS MATERIALES;20.0;46.52
SIN0455;POL0542;DAÑOS MATERIALES;14.81;15.98
SIN0456;POL0292;DAÑOS MATERIALES;20.0;16.14
SIN0457;POL0230;DAÑOS MATERIALES ANS;18.72;33.12
SIN0458;POL0996;DAÑOS MATERIALES;32.0;0.99
SIN0459;POL0813;DAÑOS MATERIALES;20.0;32.99
SIN0460;POL0822;DAÑOS MATERIALES;55.0;8.54
SIN0461;POL0598;DAÑOS MATERIALES;32.0;8.93
SIN0462;POL0328;DAÑOS MATERIALES;14.81;15.15
SIN0463;POL0634;DAÑOS MATERIALES ANS;55.0;88.0
SIN0464;POL0628;DAÑOS MATERIALES;14.81;13.47
SIN0465;POL0166;RESPONSAB. CIVIL;20.0;0.57
SIN0466;POL0629;RC EMERG-MORAL-LCESA;25.0;0.1
SIN0466;POL0629;DAÑOS MATERIALES ANS;25.0;31.45
SIN0467;POL0797;DAÑOS MATERIALES;18.73;15.56
SIN0468;POL0967;DAÑOS MATERIALES;24.49;40.79
SIN0469;POL0367;RESPONSAB. CIVIL;20.0;0.61
SIN0469;POL0367;DAÑOS MATERIALES;17.08;16.34
SIN0470;POL0201;DAÑOS MATERIALES;20.0;32.89
SIN0471;POL0234;DAÑOS MATERIALES;20.0;0.0
SIN0472;POL0334;DAÑOS MATERIALES;32.0;42.69
SIN0473;POL0210;DAÑOS MATERIALES;14.0;10.44
SIN0474;POL0797;DAÑOS MATERIALES;18.73;9.19
SIN0475;POL0538;ACTOS MALICIOSOS;20.0;0.19
SIN0476;POL0970;R CIVIL EMERGENTE;12.18;13.76
SIN0477;POL0769;DAÑOS MATERIALES;18.94;65.18
SIN0478;POL0538;RESPONSAB. CIVIL;20.0;0.19
SIN0478;POL0538;DAÑOS MATERIALES;20.0;0.19
SIN0479;POL0699;DAÑOS MATERIALES;11.9;0.0
SIN0480;POL0538;RESPONSAB. CIVIL;22.34;32.01
SIN0481;POL0708;DAÑOS MATERIALES;20.0;22.45
SIN0482;POL0023;DAÑOS MATERIALES;32.0;21.83
SIN0483;POL0564;DAÑOS MATERIALES;20.0;21.89
SIN0484;POL0760;RESPONSAB. CIVIL;20.0;13.28
SIN0484;POL0760;DAÑOS MATERIALES;15.81;29.47
SIN0485;POL0338;DAÑOS MATERIALES;32.0;31.05
SIN0486;POL0798;DAÑOS MATERIALES;20.0;48.63
SIN0487;POL0669;ROBO DE ACC.HTA 10%;11.66;2.79
SIN0488;POL0362;DAÑOS MATERIALES;4.3;13.41
SIN0489;POL0241;RESPONSAB. CIVIL;20.0;7.99
SIN0490;POL0462;DAÑOS MATERIALES;32.0;55.79
SIN0491;POL0702;DAÑOS MATERIALES;20.0;14.51
SIN0492;POL0427;DAÑOS MATERIALES;17.08;13.83
SIN0493;POL0002;DAÑOS MATERIALES;32.0;23.01
SIN0494;POL0567;DAÑOS MATERIALES;52.48;44.03
SIN0495;POL0495;DAÑOS MATERIALES;20.0;14.02
SIN0496;POL0577;DAÑOS MATERIALES;27.13;8.85
SIN0497;POL0262;DAÑOS MATERIALES;14.81;20.34
SIN0498;POL0382;R CIVIL EMERGENTE;32.0;28.7
SIN0499;POL0809;DAÑOS MATERIALES;32.0;33.05
SIN0500;POL0349;DAÑOS MATERIALES;20.0;30.18
SIN0501;POL0673;DAÑOS MATERIALES;32.0;17.09
SIN0502;POL0593;RESPONSAB. CIVIL;20.0;0.37
SIN0503;POL0096;DAÑOS MATERIALES;14.81;12.32
SIN0504;POL0609;DAÑOS MATERIALES;20.0;9.8
SIN0505;POL0467;DAÑOS MATERIALES;14.81;10.48
SIN0506;POL0845;DAÑOS MATERIALES ANS;5.82;19.44
SIN0507;POL0688;RESPONSAB. CIVIL;20.0;16.77
SIN0508;POL0574;DAÑOS MATERIALES;32.0;48.16
SIN0509;POL0034;DAÑOS MATERIALES;14.81;13.45
SIN0510;POL0281;DAÑOS MATERIALES;32.0;4.45
SIN0511;POL0863;DAÑOS MATERIALES;32.0;10.59
SIN0512;POL0782;DAÑOS MATERIALES;20.0;36.74
SIN0513;POL0653;DAÑOS MATERIALES;20.0;1.77
SIN0514;POL0937;DAÑOS MATERIALES;22.66;28.6
SIN0515;POL0597;DAÑOS MATERIALES;22.66;15.18
SIN0516;POL0795;DAÑOS MATERIALES;31.68;9.17
SIN0517;POL0781;DAÑOS MATERIALES;32.0;2.89
SIN0518;POL0336;DAÑOS MATERIALES;14.81;10.47
SIN0519;POL0768;DAÑOS MATERIALES;20.0;83.23
SIN0520;POL0568;DAÑOS MATERIALES;14.81;10.49
SIN0521;POL0635;DAÑOS MATERIALES;20.0;3.04
SIN0522;POL0875;DAÑOS MATERIALES;20.0;16.95
SIN0523;POL0066;DAÑOS MATERIALES;55.0;50.42
SIN0524;POL0578;DAÑOS MATERIALES;55.0;0.3
SIN0525;POL0282;ROBO DE ACC.HTA 10%;470.0;3.29
SIN0526;POL0476;DAÑOS MATERIALES;32.0;1.47
SIN0527;POL0534;DAÑOS MATERIALES ANS;32.0;79.03
SIN0528;POL0969;DAÑOS MATERIALES;20.0;12.81
SIN0529;POL0936;RESPONSAB. CIVIL;20.0;16.97
SIN0530;POL0857;DAÑOS MATERIALES;20.0;9.99
SIN0531;POL0652;DAÑOS MATERIALES;20.0;10.4
SIN0532;POL0145;DAÑOS MATERIALES;32.0;14.64
SIN0533;POL0443;DAÑOS MATERIALES;32.0;21.84
SIN0534;POL0219;DAÑOS MATERIALES;20.0;1.06
SIN0535;POL0464;DAÑOS MATERIALES;20.0;25.24
SIN0536;POL0882;DAÑOS MATERIALES;11.9;23.97
SIN0537;POL0507;R CIVIL EMERGENTE;32.0;0.37
SIN0537;POL0507;DAÑOS MATERIALES;32.0;9.26
SIN0538;POL0112;DAÑOS MATERIALES;20.0;13.57
SIN0539;POL0902;DAÑOS MATERIALES;20.0;38.96
SIN0540;POL0500;DAÑOS MATERIALES;32.0;14.77
SIN0541;POL0418;DAÑOS MATERIALES;11.18;40.87
SIN0542;POL0485;DAÑOS MATERIALES;27.84;27.66
SIN0543;POL0757;DAÑOS MATERIALES;11.65;24.02
SIN0544;POL0412;RESPONSAB. CIVIL;20.0;0.38
SIN0545;POL0504;DAÑOS MATERIALES;11.66;17.51
SIN0546;POL0124;DAÑOS MATERIALES;20.0;8.12
SIN0547;POL0733;DAÑOS MATERIALES;20.0;0.62
SIN0548;POL0165;DAÑOS MATERIALES;14.81;6.92
SIN0549;POL0302;DAÑOS MATERIALES;32.0;38.23
SIN0550;POL0161;DAÑOS MATERIALES;35.0;20.66
SIN0551;POL0085;DAÑOS MATERIALES;40.0;79.2
SIN0552;POL0017;DAÑOS MATERIALES;32.0;18.92
SIN0553;POL0592;DAÑOS MATERIALES;18.27;10.98
SIN0554;POL0761;DAÑOS MATERIALES;32.0;33.86
SIN0555;POL0329;RESPONSAB. CIVIL;55.0;0.38
SIN0556;POL0750;R CIVIL EMERGENTE;55.0;0.38
SIN0557;POL0261;DAÑOS MATERIALES;20.0;30.69
SIN0558;POL0616;DAÑOS MATERIALES;20.0;9.95
SIN0559;POL0755;RESPONSAB. CIVIL;32.0;13.55
SIN0559;POL0755;DAÑOS MATERIALES;32.0;33.97
SIN0560;POL0343;DAÑOS MATERIALES;32.0;0.44
SIN0561;POL0940;R CIVIL EMERGENTE;20.0;0.85
SIN0562;POL0070;DAÑOS MATERIALES;32.0;0.84
SIN0563;POL0407;DAÑOS MATERIALES;20.0;12.41
SIN0564;POL0399;DAÑOS MATERIALES;32.0;27.16
SIN0565;POL0904;DAÑOS MATERIALES;20.0;14.79
SIN0566;POL0442;DAÑOS MATERIALES;32.0;1.43
SIN0567;POL0916;DAÑOS MATERIALES ANS;18.72;21.24
SIN0568;POL0824;DAÑOS MATERIALES;32.0;8.14
SIN0569;POL0207;DAÑOS MATERIALES;20.0;29.29
SIN0570;POL0175;RESPONSAB. CIVIL;20.0;0.37
SIN0571;POL0024;DAÑOS MATERIALES;22.34;0.19
SIN0572;POL0408;DAÑOS MATERIALES;22.34;18.63
SIN0573;POL0810;DAÑOS MATERIALES;11.9;38.81
SIN0574;POL0330;DAÑOS MATERIALES;20.0;0.23
SIN0575;POL0307;DAÑOS MATERIALES;55.0;93.1
SIN0576;POL0664;RESPONSAB. CIVIL;20.0;8.4
SIN0577;POL0941;DAÑOS MATERIALES;14.81;18.5
SIN0578;POL0380;DAÑOS MATERIALES;20.0;16.71
SIN0579;POL0890;DAÑOS MATERIALES;14.0;10.47
SIN0580;POL0941;DAÑOS MATERIALES;20.0;10.7
SIN0581;POL0995;DAÑOS MATERIALES;14.81;10.48
SIN0582;POL0914;DAÑOS MATERIALES;55.0;477.89
SIN0583;POL0540;DAÑOS MATERIALES;32.0;19.61
SIN0584;POL0311;DAÑOS MATERIALES;11.65;10.47
SIN0585;POL0181;DAÑOS MATERIALES;32.0;45.58
SIN0586;POL0187;DAÑOS MATERIALES;32.0;20.18
SIN0587;POL0375;DAÑOS MATERIALES;32.0;29.49
SIN0588;POL0309;DAÑOS MATERIALES;20.0;32.01
SIN0589;POL0923;DAÑOS MATERIALES;32.0;21.99
SIN0590;POL0299;RESPONSAB. CIVIL;32.0;84.17
SIN0590;POL0299;DAÑOS MATERIALES;32.0;137.96
SIN0591;POL0989;DAÑOS MATERIALES;14.81;13.72
SIN0592;POL0140;DAÑOS MATERIALES;32.0;102.92
SIN0593;POL0028;DAÑOS MATERIALES;20.0;14.89
SIN0594;POL0894;DAÑOS MATERIALES;32.0;36.82
SIN0595;POL0331;DAÑOS MATERIALES;14.81;20.72
SIN0596;POL0245;ROBO DE ACCESORIOS;11.66;0.75
SIN0597;POL0910;DAÑOS MATERIALES;11.9;31.09
SIN0598;POL0100;DAÑOS MATERIALES;14.81;10.46
SIN0599;POL0655;DAÑOS MATERIALES;20.0;22.62
SIN0600;POL0398;DAÑOS MATERIALES;32.0;65.97
SIN0601;POL0825;DAÑOS MATERIALES;32.0;85.1
SIN0602;POL0891;DAÑOS MATERIALES;14.81;28.53
SIN0603;POL0080;DAÑOS MATERIALES ANS;32.0;29.97
SIN0604;POL0117;ROBO DE ACCESORIOS;55.0;52.48
SIN0605;POL0122;DAÑOS MATERIALES;20.0;0.58
SIN0606;POL0326;R CIVIL EMERGENTE;20.0;4.06
SIN0606;POL0326;DAÑOS MATERIALES;20.0;66.86
SIN0607;POL0952;RESPONSAB. CIVIL;20.0;0.56
SIN0608;POL0232;DAÑOS MATERIALES;14.81;26.65
SIN0609;POL0119;DAÑOS MATERIALES;32.0;27.15
SIN0610;POL0651;DAÑOS MATERIALES;18.27;17.28
SIN0611;POL0057;DAÑOS MATERIALES;20.0;52.84
SIN0612;POL0566;DAÑOS MATERIALES;44.48;35.89
SIN0613;POL0025;PERDIDA TOTAL;55.0;155.33
SIN0614;POL0121;DAÑOS MATERIALES;20.0;7.94
SIN0615;POL0109;DAÑOS MATERIALES;19.52;13.46
SIN0616;POL0691;DAÑOS MATERIALES;32.0;7.32
SIN0617;POL0022;DAÑOS MATERIALES ANS;12.2;35.54
SIN0618;POL0539;DAÑOS MATERIALES;20.0;17.42
SIN0619;POL0790;DAÑOS MATERIALES;55.0;37.13
SIN0620;POL0711;DAÑOS MATERIALES;11.66;9.4
SIN0621;POL0998;R CIVIL EMERGENTE;20.0;16.39
SIN0622;POL0391;RESPONSAB. CIVIL;22.0;0.7
SIN0622;POL0391;DAÑOS MATERIALES;22.0;87.78
SIN0623;POL0128;DAÑOS MATERIALES;14.81;10.46
SIN0624;POL0520;DAÑOS MATERIALES;32.0;36.62
SIN0625;POL0806;RESPONSAB. CIVIL;32.0;22.07
SIN0626;POL0870;DAÑOS MATERIALES;32.0;33.65
SIN0627;POL0045;RESPONSAB. CIVIL;20.0;51.7
SIN0628;POL0888;DAÑOS MATERIALES;17.07;0.0
SIN0629;POL0400;DAÑOS MATERIALES;8.61;10.49
SIN0630;POL0575;DAÑOS MATERIALES;55.0;140.64
SIN0631;POL0953;RESPONSAB. CIVIL;32.0;22.19
SIN0631;POL0953;DAÑOS MATERIALES;32.0;24.84
SIN0632;POL0454;DAÑOS MATERIALES;20.0;34.83
SIN0633;POL0713;DAÑOS MATERIALES;32.0;30.73
SIN0634;POL0012;R CIVIL EMERGENTE;55.0;44.63
SIN0634;POL0012;DAÑOS MATERIALES;55.0;3.35
SIN0635;POL0962;DAÑOS MATERIALES;32.0;28.62
SIN0636;POL0151;DAÑOS MATERIALES;32.0;27.64
SIN0637;POL0956;DAÑOS MATERIALES;32.0;46.78
SIN0638;POL0819;DAÑOS MATERIALES;33.91;24.67
SIN0639;POL0723;DAÑOS MATERIALES;20.0;17.41
SIN0640;POL0900;DAÑOS MATERIALES;38.92;15.11
SIN0641;POL0777;DAÑOS MATERIALES;32.0;176.89
SIN0642;POL0657;DAÑOS MATERIALES;14.81;4.82
SIN0643;POL0876;DAÑOS MATERIALES;32.0;68.48
SIN0644;POL0610;RESPONSAB. CIVIL;20.0;0.59
SIN0645;POL0431;DAÑOS MATERIALES;27.8;20.25
SIN0646;POL0746;DAÑOS MATERIALES;22.34;2.85
SIN0647;POL0983;DAÑOS MATERIALES;20.0;7.38
SIN0648;POL0095;DAÑOS MATERIALES;22.34;1.76
SIN0649;POL0846;DAÑOS MATERIALES;14.81;0.62
SIN0650;POL0703;DAÑOS MATERIALES;14.0;19.79
SIN0651;POL0613;DAÑOS MATERIALES;20.0;5.91
SIN0652;POL0762;R CIVIL EMERGENTE;55.0;77.23
SIN0653;POL0587;DAÑOS MATERIALES;11.66;15.12
SIN0654;POL0849;DAÑOS MATERIALES;22.34;6.01
SIN0655;POL0984;DAÑOS MATERIALES;14.81;13.36
SIN0656;POL0659;DAÑOS MATERIALES;14.81;4.39
SIN0657;POL0549;DAÑOS MATERIALES ANS;27.8;32.36
SIN0658;POL0893;DAÑOS MATERIALES;14.81;9.71
SIN0659;POL0743;DAÑOS MATERIALES;20.0;8.99
SIN0660;POL0422;DAÑOS MATERIALES;32.0;0.71
SIN0661;POL0033;DAÑOS MATERIALES;20.0;18.12
SIN0662;POL0097;DAÑOS MATERIALES;20.0;1.6
SIN0663;POL0779;DAÑOS MATERIALES;24.26;21.39
SIN0664;POL0740;DAÑOS MATERIALES;32.0;32.74
SIN0665;POL0290;DAÑOS MATERIALES;14.81;29.93
SIN0666;POL0905;DAÑOS MATERIALES;20.0;25.94
SIN0667;POL0003;DAÑOS MATERIALES;32.0;22.38
SIN0668;POL0135;DAÑOS MATERIALES;19.52;22.76
SIN0669;POL0105;DAÑOS MATERIALES;32.0;39.24
SIN0670;POL0383;DAÑOS MATERIALES;32.0;59.03
SIN0671;POL0706;RESPONSAB. CIVIL;55.0;2.52
SIN0672;POL0113;DAÑOS MATERIALES;5.68;14.57
SIN0673;POL0265;R CIVIL EMERGENTE;32.0;25.02
SIN0673;POL0265;DAÑOS MATERIALES;32.0;32.2
SIN0674;POL0796;DAÑOS MATERIALES;32.0;25.56
SIN0675;POL0188;DAÑOS MATERIALES;14.81;0.69
SIN0676;POL0183;DAÑOS MATERIALES;18.27;26.59
SIN0677;POL0815;DAÑOS MATERIALES;22.0;12.65
SIN0678;POL0393;R CIVIL EMERGENTE;55.0;0.62
SIN0679;POL0991;DAÑOS MATERIALES;11.66;14.17
SIN0680;POL0576;DAÑOS MATERIALES;14.81;10.49
SIN0681;POL0377;DAÑOS MATERIALES;32.0;4.43
SIN0682;POL0926;DAÑOS MATERIALES;20.0;8.15
SIN0683;POL0479;DAÑOS MATERIALES;32.0;49.26
SIN0684;POL0516;DAÑOS MATERIALES;22.34;8.93
SIN0685;POL0185;DAÑOS MATERIALES;20.0;22.18
SIN0686;POL0624;DAÑOS MATERIALES;11.04;14.18
SIN0687;POL0478;DAÑOS MATERIALES;20.0;12.66
SIN0688;POL0973;R CIVIL EMERGENTE;22.34;0.37
SIN0688;POL0973;DAÑOS MATERIALES;7.99;7.73
SIN0689;POL0736;ACTOS MALICIOSOS;32.0;6.9
SIN0690;POL0586;R CIVIL EMERGENTE;55.0;3.18
SIN0691;POL0156;DAÑOS MATERIALES;32.0;14.88
SIN0692;POL0828;RESPONSAB. CIVIL;55.0;0.0
SIN0693;POL0132;DAÑOS MATERIALES;11.66;3.25
SIN0694;POL0974;DAÑOS MATERIALES;20.0;43.86
SIN0695;POL0312;DAÑOS MATERIALES;26.21;8.65
SIN0696;POL0471;RESPONSAB. CIVIL;20.0;26.72
SIN0697;POL0595;DAÑOS MATERIALES;14.81;7.97
SIN0698;POL0912;DAÑOS MATERIALES;20.0;25.49
SIN0699;POL0084;DAÑOS MATERIALES;14.0;29.91
SIN0700;POL0465;DAÑOS MATERIALES;32.0;24.55
SIN0701;POL0630;DAÑOS MATERIALES;32.0;6.27
SIN0702;POL0582;DAÑOS MATERIALES;34.69;76.59
SIN0703;POL0102;DAÑOS MATERIALES;55.0;58.68
SIN0704;POL0569;RESPONSAB. CIVIL;32.0;0.59
SIN0704;POL0569;DAÑOS MATERIALES;31.68;19.51
SIN0705;POL0218;ACTOS MALICIOSOS;32.0;12.2
SIN0706;POL0352;DAÑOS MATERIALES;32.0;82.05
SIN0707;POL0474;DAÑOS MATERIALES ANS;20.0;13.7
SIN0708;POL0594;DAÑOS MATERIALES;20.0;43.5
SIN0709;POL0930;DAÑOS MATERIALES;14.21;9.67
SIN0710;POL0963;DAÑOS MATERIALES;20.0;0.69
SIN0711;POL0541;DAÑOS MATERIALES;32.0;56.26
SIN0712;POL0619;DAÑOS MATERIALES;32.0;24.01
SIN0713;POL0419;RESPONSAB. CIVIL;20.0;13.51
SIN0713;POL0419;DAÑOS MATERIALES;20.0;11.31
SIN0714;POL0019;DAÑOS MATERIALES;20.0;45.71
SIN0715;POL0965;DAÑOS MATERIALES;20.0;2.14
SIN0716;POL0763;DAÑOS MATERIALES;32.0;23.07
SIN0717;POL0202;DAÑOS MATERIALES;14.15;16.36
SIN0718;POL0801;DAÑOS MATERIALES;20.0;29.74
SIN0719;POL0508;R CIVIL EMERGENTE;32.0;0.59
SIN0719;POL0508;DAÑOS MATERIALES;20.0;96.65
SIN0720;POL0386;DAÑOS MATERIALES ANS;5.82;15.7
SIN0721;POL0147;RESPONSAB. CIVIL;20.0;1.14
SIN0721;POL0147;DAÑOS MATERIALES;20.0;9.62
SIN0722;POL0658;DAÑOS MATERIALES;32.0;0.23
SIN0723;POL0626;DAÑOS MATERIALES;32.0;36.01
SIN0724;POL0480;DAÑOS MATERIALES;32.0;38.95
SIN0725;POL0788;DAÑOS MATERIALES;32.0;34.9
SIN0726;POL0413;R CIVIL EMERGENTE;20.0;14.01
SIN0726;POL0413;DAÑOS MATERIALES;20.0;5.63
SIN0727;POL0275;DAÑOS MATERIALES;20.0;0.45
SIN0728;POL0169;R CIVIL EMERGENTE;20.0;6.05
SIN0729;POL0481;R CIVIL EMERGENTE;20.0;1.07
SIN0730;POL0037;DAÑOS MATERIALES;18.27;47.84
SIN0731;POL0561;RESPONSAB. CIVIL;20.0;0.37
SIN0732;POL0599;DAÑOS MATERIALES;19.37;10.01
SIN0733;POL0764;DAÑOS MATERIALES;32.0;89.89
SIN0734;POL0059;RESPONSAB. CIVIL;32.0;27.09
SIN0735;POL0450;DAÑOS MATERIALES;27.13;304.82
SIN0736;POL0489;DAÑOS MATERIALES;27.13;59.92
SIN0737;POL0136;DAÑOS MATERIALES;32.0;37.36
SIN0738;POL0519;DAÑOS MATERIALES;11.9;7.86
SIN0739;POL0765;DAÑOS MATERIALES;20.0;0.15
SIN0740;POL0195;ROBO, HURTO USO NO A;470.0;253.34
SIN0741;POL0997;DAÑOS MATERIALES;19.17;14.98
SIN0742;POL0167;R CIVIL EMERGENTE;32.0;0.3
SIN0742;POL0167;DAÑOS MATERIALES;32.0;0.3
SIN0743;POL0118;DAÑOS MATERIALES;25.0;16.27
SIN0744;POL0847;D TERCEROS POR LA CA;55.0;0.38
SIN0745;POL0242;DAÑOS MATERIALES;20.0;12.25
SIN0746;POL0603;DAÑOS MATERIALES;20.0;19.1
SIN0747;POL0744;DAÑOS MATERIALES;22.34;34.04
SIN0748;POL0859;ROBO.HURTO, USO NO A;470.0;0.32
SIN0749;POL0167;R CIVIL EMERGENTE;32.0;33.83
SIN0750;POL0820;RESPONSAB. CIVIL;32.0;0.26
SIN0751;POL0444;DAÑOS MATERIALES;14.81;13.46
SIN0752;POL0529;DAÑOS MATERIALES;5.38;10.96
SIN0753;POL0622;DAÑOS MATERIALES;32.0;1.06
SIN0754;POL0866;DAÑOS MATERIALES;20.0;12.49
SIN0755;POL0426;DAÑOS MATERIALES;27.13;0.0
SIN0756;POL0007;DAÑOS MATERIALES;40.25;20.51
SIN0757;POL0196;DAÑOS MATERIALES;22.34;0.49
SIN0758;POL0636;DAÑOS MATERIALES;14.0;19.96
SIN0759;POL0031;DAÑOS MATERIALES;8.15;13.44
SIN0760;POL0735;DAÑOS MATERIALES;14.81;10.49
SIN0761;POL0717;DAÑOS MATERIALES;20.0;9.43
SIN0762;POL0976;DAÑOS MATERIALES;8.22;10.46
SIN0763;POL0484;DAÑOS MATERIALES;32.0;7.27
SIN0764;POL0901;DAÑOS MATERIALES;32.0;27.06
SIN0765;POL0877;DAÑOS MATERIALES;5.82;10.48
SIN0766;POL0243;DAÑOS MATERIALES;20.0;11.71
SIN0767;POL0583;DAÑOS MATERIALES;32.0;61.91
SIN0768;POL0141;DAÑOS MATERIALES;32.0;20.3
SIN0769;POL0601;DAÑOS MATERIALES;20.0;1.39
SIN0770;POL0823;DAÑOS MATERIALES;22.66;16.69
SIN0771;POL0775;DAÑOS MATERIALES;32.0;0.0
SIN0772;POL0990;DAÑOS MATERIALES;20.0;26.25
SIN0773;POL0676;RESPONSAB. CIVIL;20.0;18.69
SIN0774;POL0342;DAÑOS MATERIALES;55.0;83.64
SIN0775;POL0005;RESPONSAB. CIVIL;32.0;14.89
SIN0775;POL0005;DAÑOS MATERIALES;32.0;13.8
SIN0776;POL0625;DAÑOS MATERIALES;14.81;12.41
SIN0777;POL0333;DAÑOS MATERIALES;14.81;4.4
SIN0778;POL0852;DAÑOS MATERIALES;5.68;28.95
SIN0779;POL0246;ROBO.HURTO, USO NO A;470.0;720.85
SIN0780;POL0836;DAÑOS MATERIALES;55.0;193.54
SIN0781;POL0510;DAÑOS MATERIALES;20.0;74.83
SIN0782;POL0775;RESPONSAB. CIVIL;32.0;21.36
SIN0783;POL0581;DAÑOS MATERIALES;20.0;0.37
SIN0784;POL0896;DAÑOS MATERIALES;20.0;33.57
SIN0785;POL0178;DAÑOS MATERIALES;32.0;1.37
SIN0786;POL0639;DAÑOS MATERIALES;20.0;31.23
SIN0787;POL0354;DAÑOS MATERIALES;32.0;21.74
SIN0788;POL0110;DAÑOS MATERIALES;20.0;23.85
SIN0789;POL0993;PERDIDA TOTAL;20.0;0.99
SIN0790;POL0131;DAÑOS MATERIALES;32.0;10.87
SIN0791;POL0225;DAÑOS MATERIALES;14.81;0.14
SIN0792;POL0021;DAÑOS MATERIALES;18.27;12.06
SIN0793;POL0704;DAÑOS MATERIALES;20.0;8.43
SIN0794;POL0690;DAÑOS MATERIALES;20.0;17.58
SIN0795;POL0274;DAÑOS MATERIALES;20.0;0.15
SIN0796;POL0826;DAÑOS MATERIALES;55.0;48.4
SIN0797;POL0591;DAÑOS MATERIALES;20.0;24.82
SIN0798;POL0623;DAÑOS MATERIALES;20.0;52.16
SIN0799;POL0417;DAÑOS MATERIALES;20.0;18.06
SIN0800;POL0395;DAÑOS MATERIALES;55.0;99.76
SIN0801;POL0315;DAÑOS MATERIALES;470.0;1.22
SIN0802;POL0153;R CIVIL EMERGENTE;20.0;11.36
SIN0803;POL0324;DAÑOS MATERIALES;14.81;1.02
SIN0804;POL0739;DAÑOS MATERIALES;20.0;18.97
SIN0805;POL0104;R CIVIL EMERGENTE;32.0;36.91
SIN0806;POL0256;R CIVIL EMERGENTE;20.0;0.2
SIN0806;POL0256;DAÑOS MATERIALES;20.0;27.81
SIN0807;POL0356;DAÑOS MATERIALES;25.0;63.99
SIN0808;POL0856;DAÑOS MATERIALES;14.81;5.45
SIN0809;POL0069;DAÑOS MATERIALES;20.0;48.95
SIN0810;POL0237;DAÑOS MATERIALES;55.0;4.64
SIN0811;POL0301;DAÑOS MATERIALES;32.0;0.38
SIN0812;POL0211;DAÑOS MATERIALES;32.0;18.41
SIN0813;POL0650;RESPONSAB. CIVIL;32.0;0.37
SIN0813;POL0650;DAÑOS MATERIALES;32.0;0.37
SIN0814;POL0618;DAÑOS MATERIALES;32.0;14.96
SIN0815;POL0811;DAÑOS MATERIALES;32.0;7.56
SIN0816;POL0475;R CIVIL EMERGENTE;32.0;0.86
SIN0817;POL0864;DAÑOS MATERIALES;20.0;13.09
SIN0818;POL0000;DAÑOS MATERIALES;14.81;10.48
SIN0819;POL0308;DAÑOS MATERIALES;20.0;40.28
SIN0820;POL0423;DAÑOS MATERIALES;20.0;49.22
SIN0821;POL0955;DAÑOS MATERIALES;20.0;6.57
SIN0822;POL0536;DAÑOS MATERIALES;31.0;27.14
SIN0823;POL0793;DAÑOS MATERIALES;32.0;46.23
SIN0824;POL0621;RESPONSAB. CIVIL;32.0;1.46
SIN0824;POL0621;DAÑOS MATERIALES;32.0;0.0
SIN0825;POL0621;RESPONSAB. CIVIL;32.0;0.0
SIN0826;POL0841;ROBO, HURTO USO NO A;470.0;191.23
SIN0827;POL0158;DAÑOS MATERIALES;55.0;107.2
SIN0828;POL0364;DAÑOS MATERIALES ANS;18.72;20.17
SIN0829;POL0696;DAÑOS MATERIALES;55.0;0.0
SIN0830;POL0154;DAÑOS MATERIALES;14.81;11.77
SIN0831;POL0252;R CIVIL EMERGENTE;20.0;0.67
SIN0832;POL0946;ROBO DE ACCESORIOS;28.75;1.02
SIN0833;POL0773;DAÑOS MATERIALES;38.92;5.13
SIN0834;POL0163;DAÑOS MATERIALES;7.71;8.4
SIN0835;POL0880;DAÑOS MATERIALES;11.9;14.01
SIN0836;POL0958;RESPONSAB. CIVIL;32.0;28.72
SIN0836;POL0958;DAÑOS MATERIALES;32.0;157.49
SIN0837;POL0266;ROBO DE ACCESORIOS;11.66;4.98
SIN0838;POL0387;DAÑOS MATERIALES;11.9;92.24
SIN0839;POL0430;R CIVIL EMERGENTE;20.0;4.9
SIN0840;POL0482;DAÑOS MATERIALES;32.0;85.19
SIN0841;POL0853;R CIVIL EMERGENTE;32.0;1.02
SIN0841;POL0853;DAÑOS MATERIALES;32.0;66.45
SIN0842;POL0645;R CIVIL EMERGENTE;32.0;0.75
SIN0843;POL0089;R CIVIL EMERGENTE;32.0;2.95
SIN0844;POL0379;DAÑOS MATERIALES;32.0;27.64
SIN0845;POL0950;DAÑOS MATERIALES;20.0;5.21
SIN0846;POL0394;DAÑOS MATERIALES;25.0;35.15
SIN0847;POL0972;DAÑOS MATERIALES;32.0;18.74
SIN0848;POL0137;DAÑOS MATERIALES;14.81;10.47
SIN0849;POL0883;DAÑOS MATERIALES;20.0;27.89
SIN0850;POL0456;R CIVIL EMERGENTE;20.0;9.57
SIN0851;POL0988;R CIVIL EMERGENTE;20.0;3.23
SIN0852;POL0162;DAÑOS MATERIALES;14.81;13.37
SIN0853;POL0244;DAÑOS MATERIALES;32.0;54.27
SIN0854;POL0792;DAÑOS MATERIALES;20.0;0.41
SIN0855;POL0339;DAÑOS MATERIALES;20.0;49.02
SIN0856;POL0784;DAÑOS MATERIALES;32.0;6.1
SIN0857;POL0911;DAÑOS MATERIALES;18.27;13.3
SIN0858;POL0855;R CIVIL EMERGENTE;32.0;15.66
SIN0859;POL0833;DAÑOS MATERIALES;20.0;25.06
SIN0860;POL0371;RESPONSAB. CIVIL;20.0;10.65
SIN0860;POL0371;DAÑOS MATERIALES;20.0;11.83
SIN0861;POL0550;DAÑOS MATERIALES;55.0;12.37
SIN0862;POL0209;RESPONSAB. CIVIL;32.0;6.17
SIN0863;POL0217;RESPONSAB. CIVIL;20.0;0.56
SIN0864;POL0674;RESPONSAB. CIVIL;20.0;5.15
SIN0865;POL0830;DAÑOS MATERIALES ANS;470.0;58.5
SIN0866;POL0439;DAÑOS MATERIALES;20.0;14.77
SIN0867;POL0420;DAÑOS MATERIALES;20.0;12.14
SIN0868;POL0449;DAÑOS MATERIALES;18.25;13.67
SIN0869;POL0133;DAÑOS MATERIALES;32.0;15.61
SIN0870;POL0837;DAÑOS MATERIALES;32.0;5.6
SIN0871;POL0172;DAÑOS MATERIALES;32.0;16.98
SIN0872;POL0001;R CIVIL EMERGENTE;32.0;15.88
SIN0873;POL0255;DAÑOS MATERIALES;20.0;38.87
SIN0874;POL0257;DAÑOS MATERIALES;55.0;36.33
SIN0875;POL0114;DAÑOS MATERIALES;32.0;5.68
SIN0876;POL0091;DAÑOS MATERIALES;20.0;12.63
SIN0877;POL0370;DAÑOS MATERIALES;32.0;50.2
SIN0878;POL0396;DAÑOS MATERIALES;11.9;12.67
SIN0879;POL0392;DAÑOS MATERIALES;11.66;0.66
SIN0880;POL0897;DAÑOS MATERIALES;20.0;15.08
SIN0881;POL0358;RCI INTERNACIONAL;20.0;0.88
SIN0882;POL0432;DAÑOS MATERIALES;32.0;14.19
SIN0883;POL0858;RESPONSAB. CIVIL;32.0;15.21
SIN0884;POL0425;DAÑOS MATERIALES;20.0;30.93
SIN0885;POL0939;DAÑOS MATERIALES;20.0;9.92
SIN0886;POL0939;DAÑOS MATERIALES;20.0;19.4
SIN0887;POL0718;DAÑOS MATERIALES;20.0;27.23
SIN0888;POL0938;DAÑOS MATERIALES;18.27;20.18
SIN0889;POL0553;DAÑOS MATERIALES;55.0;160.14
SIN0890;POL0190;DAÑOS MATERIALES;18.72;4.01
SIN0891;POL0186;RESPONSAB. CIVIL;20.0;23.36
SIN0892;POL0557;DAÑOS MATERIALES;27.8;50.51
SIN0893;POL0226;DAÑOS MATERIALES;20.0;9.92
SIN0894;POL0971;R CIVIL EMERGENTE;55.0;15.4
SIN0895;POL0571;DAÑOS MATERIALES;32.0;49.42
SIN0896;POL0611;DAÑOS MATERIALES;14.81;16.63
SIN0897;POL0314;RESPONSAB. CIVIL;20.0;0.75
SIN0897;POL0314;DAÑOS MATERIALES;20.0;1.01
SIN0898;POL0488;DAÑOS MATERIALES;20.0;11.91
SIN0899;POL0009;DAÑOS MATERIALES;20.0;7.67
SIN0900;POL0584;ROBO DE ACCESORIOS;11.66;9.84
SIN0901;POL0612;DAÑOS MATERIALES;14.81;34.2
SIN0902;POL0604;DAÑOS MATERIALES;20.0;7.76
SIN0903;POL0705;DAÑOS MATERIALES;20.0;23.58
SIN0904;POL0254;DAÑOS MATERIALES;32.0;11.82
SIN0905;POL0671;RESPONSAB. CIVIL;32.0;8.63
SIN0906;POL0530;DAÑOS MATERIALES;20.0;15.08
SIN0907;POL0032;DAÑOS MATERIALES;55.0;32.4
SIN0908;POL0436;R CIVIL EMERGENTE;20.0;29.93
SIN0909;POL0231;DAÑOS MATERIALES;14.81;13.37
SIN0910;POL0461;DAÑOS MATERIALES;32.0;0.62
SIN0911;POL0258;DAÑOS MATERIALES;12.34;8.22
SIN0912;POL0359;ROBO DE ACC.HTA 10%;470.0;1.58
SIN0913;POL0948;DAÑOS MATERIALES;20.0;5.31
SIN0914;POL0304;DAÑOS MATERIALES;22.34;7.07
SIN0915;POL0358;RCI INTERNACIONAL;32.0;0.71
SIN0916;POL0827;DAÑOS MATERIALES;32.0;69.37
SIN0917;POL0756;R CIVIL EMERGENTE;22.34;8.05
SIN0917;POL0756;DAÑOS MATERIALES;22.34;16.23
SIN0918;POL0310;DAÑOS MATERIALES;20.0;19.13
SIN0919;POL0602;DAÑOS MATERIALES;22.34;10.53
SIN0920;POL0027;DAÑOS MATERIALES;14.81;2.52
SIN0921;POL0747;DAÑOS MATERIALES;32.0;10.27
SIN0922;POL0818;DAÑOS MATERIALES;20.0;4.59
SIN0923;POL0300;DAÑOS MATERIALES;11.66;4.73
SIN0924;POL0361;RESPONSAB. CIVIL;22.34;0.82
SIN0924;POL0361;DAÑOS MATERIALES;22.34;17.32
SIN0925;POL0770;DAÑOS MATERIALES;20.0;39.99
SIN0926;POL0071;DAÑOS MATERIALES;14.81;0.14
SIN0927;POL0949;DAÑOS MATERIALES;26.21;38.24
SIN0928;POL0812;DAÑOS MATERIALES;20.0;23.39
SIN0929;POL0086;DAÑOS MATERIALES;14.81;10.94
SIN0930;POL0528;DAÑOS MATERIALES;22.66;16.11
SIN0931;POL0977;DAÑOS MATERIALES;217.25;139.58
SIN0932;POL0155;DAÑOS MATERIALES;14.81;3.83
SIN0933;POL0075;DAÑOS MATERIALES;20.0;0.38
SIN0934;POL0087;DAÑOS MATERIALES;32.0;0.19
SIN0935;POL0092;R CIVIL EMERGENTE;32.0;0.83
SIN0935;POL0092;DAÑOS MATERIALES;28.38;76.01
SIN0936;POL0697;DAÑOS MATERIALES;32.0;36.93
SIN0937;POL0808;DAÑOS MATERIALES;20.0;4.64
SIN0938;POL0865;DAÑOS MATERIALES;32.0;81.17
SIN0939;POL0957;DAÑOS MATERIALES;14.81;38.01
SIN0940;POL0590;DAÑOS MATERIALES;20.0;12.34
SIN0941;POL0660;RESPONSAB. CIVIL;32.0;18.06
SIN0942;POL0563;DAÑOS MATERIALES;20.0;0.0
